{
  "MaxEStateIndex": 911.2304602479562,
  "MinEStateIndex": 1129.285239697434,
  "MaxAbsEStateIndex": 0.0,
  "MinAbsEStateIndex": 375.0310474024154,
  "qed": 488.7579829148017,
  "MolWt": 77.74067188240588,
  "HeavyAtomMolWt": 206.7937690014951,
  "ExactMolWt": 26.231330087408423,
  "NumValenceElectrons": 16.829534832388163,
  "NumRadicalElectrons": 0.0,
  "MaxPartialCharge": 1114.625624361448,
  "MinPartialCharge": 1230.1434598844498,
  "MaxAbsPartialCharge": 988.1799551546574,
  "MinAbsPartialCharge": 660.6676131980494,
  "FpDensityMorgan1": 242.56207073573023,
  "FpDensityMorgan2": 184.62948399223387,
  "FpDensityMorgan3": 192.73033325746655,
  "BalabanJ": 925.1605078713037,
  "BertzCT": 386.4126468412578,
  "Chi0": 32.17875892110169,
  "Chi0n": 67.79008985124528,
  "Chi0v": 71.31475447164848,
  "Chi1": 52.22197162359953,
  "Chi1n": 110.31015027593821,
  "Chi1v": 119.38197048008442,
  "Chi2n": 225.84021905250847,
  "Chi2v": 168.12744018621743,
  "Chi3n": 113.3309559803456,
  "Chi3v": 128.54264768445864,
  "Chi4n": 84.07690903171897,
  "Chi4v": 169.53736729826778,
  "HallKierAlpha": 829.7394273811951,
  "Ipc": 162.85178633593023,
  "Kappa1": 468.6976975928992,
  "Kappa2": 306.62816597521305,
  "Kappa3": 277.7273078467697,
  "LabuteASA": 37.72810277342796,
  "PEOE_VSA1": 426.12167762126774,
  "PEOE_VSA10": 241.15380876371637,
  "PEOE_VSA11": 198.2077304655686,
  "PEOE_VSA12": 293.79221138358116,
  "PEOE_VSA13": 95.92594533599913,
  "PEOE_VSA14": 242.67111720517278,
  "PEOE_VSA2": 496.3691223934293,
  "PEOE_VSA3": 160.89314257353544,
  "PEOE_VSA4": 231.33122791722417,
  "PEOE_VSA5": 65.10610587149858,
  "PEOE_VSA6": 1867.6899422341958,
  "PEOE_VSA7": 430.05489659146406,
  "PEOE_VSA8": 881.9478689711541,
  "PEOE_VSA9": 430.1259064269252,
  "SMR_VSA1": 142.80418053315952,
  "SMR_VSA10": 452.93824381381273,
  "SMR_VSA2": 58.9900067076087,
  "SMR_VSA3": 136.29447518661618,
  "SMR_VSA4": 125.96485556662083,
  "SMR_VSA5": 534.4412380764261,
  "SMR_VSA6": 327.27266967948526,
  "SMR_VSA7": 180.75627483800054,
  "SMR_VSA8": 0.0,
  "SMR_VSA9": 77.6334549933672,
  "SlogP_VSA1": 507.2897378592752,
  "SlogP_VSA10": 175.55363749340177,
  "SlogP_VSA11": 61.27699597924948,
  "SlogP_VSA12": 73.89487986266613,
  "SlogP_VSA2": 239.20231848023832,
  "SlogP_VSA3": 353.0718082655221,
  "SlogP_VSA4": 285.1862423941493,
  "SlogP_VSA5": 487.1957494709641,
  "SlogP_VSA6": 206.8352510239929,
  "SlogP_VSA7": 144.69157133065164,
  "SlogP_VSA8": 142.80355145782232,
  "SlogP_VSA9": 0.0,
  "TPSA": 466.1499281581491,
  "EState_VSA1": 167.70077388733625,
  "EState_VSA10": 153.87767382711172,
  "EState_VSA11": 0.0,
  "EState_VSA2": 187.42313557304442,
  "EState_VSA3": 221.28613866772503,
  "EState_VSA4": 120.15025802701712,
  "EState_VSA5": 282.0091594867408,
  "EState_VSA6": 125.78666039276868,
  "EState_VSA7": 151.43578489497304,
  "EState_VSA8": 553.1765572018921,
  "EState_VSA9": 131.73220359534025,
  "VSA_EState1": 0.0,
  "VSA_EState10": 116.9110839124769,
  "VSA_EState2": 0.0,
  "VSA_EState3": 0.0,
  "VSA_EState4": 0.0,
  "VSA_EState5": 0.0,
  "VSA_EState6": 0.0,
  "VSA_EState7": 0.0,
  "VSA_EState8": 348.8741583544761,
  "VSA_EState9": 301.4804386347532,
  "FractionCSP3": 359.77687337901443,
  "HeavyAtomCount": 2.824814918451011,
  "NHOHCount": 745.3889241218567,
  "NOCount": 97.30680616572499,
  "NumAliphaticCarbocycles": 65.85241302102804,
  "NumAliphaticHeterocycles": 10.517911469563842,
  "NumAliphaticRings": 24.09290049225092,
  "NumAromaticCarbocycles": 7.968884758651257,
  "NumAromaticHeterocycles": 44.484587002545595,
  "NumAromaticRings": 15.806347597390413,
  "NumHAcceptors": 43.86378665454686,
  "NumHDonors": 95.51518460456282,
  "NumHeteroatoms": 527.316353391856,
  "NumRotatableBonds": 82.49225531611592,
  "NumSaturatedCarbocycles": 0.45229610055685043,
  "NumSaturatedHeterocycles": 31.624254688620567,
  "NumSaturatedRings": 3.5999908186495304,
  "RingCount": 41.019820384681225,
  "MolLogP": 165870.16172663216,
  "MolMR": 83.93755777878687,
  "fr_Al_COO": 948.8527712523937,
  "fr_Al_OH": 4.772861838340759,
  "fr_Al_OH_noTert": 12.582583535462618,
  "fr_ArN": 3.407478466629982,
  "fr_Ar_COO": 50.24008045718074,
  "fr_Ar_N": 24.092419415712357,
  "fr_Ar_NH": 0.6502384170889854,
  "fr_Ar_OH": 1.3100785985589027,
  "fr_COO": 94.99690255522728,
  "fr_COO2": 29.287618089467287,
  "fr_C_O": 16.309420131146908,
  "fr_C_O_noCOO": 10.398043312132359,
  "fr_C_S": 33.62861169874668,
  "fr_HOCCN": 6.630264965817332,
  "fr_Imine": 5.247874952852726,
  "fr_NH0": 75.6756581440568,
  "fr_NH1": 13.686608713120222,
  "fr_NH2": 89.01275534927845,
  "fr_N_O": 10.309660294093192,
  "fr_Ndealkylation1": 10.284554827958345,
  "fr_Ndealkylation2": 15.28984260931611,
  "fr_Nhpyrrole": 0.0,
  "fr_SH": 0.0,
  "fr_aldehyde": 0.0729679986834526,
  "fr_alkyl_carbamate": 0.0,
  "fr_alkyl_halide": 0.8199470117688179,
  "fr_allylic_oxid": 10.326151099056005,
  "fr_amide": 105.39106621593237,
  "fr_amidine": 3.5878195762634277,
  "fr_aniline": 46.46420331299305,
  "fr_aryl_methyl": 44.276718221604824,
  "fr_azide": 0.0,
  "fr_azo": 0.0,
  "fr_barbitur": 0.0,
  "fr_benzene": 62.137993812561035,
  "fr_benzodiazepine": 0.0,
  "fr_bicyclic": 64.0309424996376,
  "fr_diazo": 0.0,
  "fr_dihydropyridine": 0.0,
  "fr_epoxide": 0.0,
  "fr_ester": 71.30827128887177,
  "fr_ether": 85.49891210068017,
  "fr_furan": 0.2395640965551138,
  "fr_guanido": 0.19076120108366013,
  "fr_halogen": 18.49755574017763,
  "fr_hdrzine": 0.0,
  "fr_hdrzone": 2.34212002158165,
  "fr_imidazole": 15.666424878872931,
  "fr_imide": 22.177074655890465,
  "fr_isocyan": 0.0,
  "fr_isothiocyan": 0.0,
  "fr_ketone": 30.416212507523596,
  "fr_ketone_Topliss": 34.31255174614489,
  "fr_lactam": 0.0,
  "fr_lactone": 15.421642484143376,
  "fr_methoxy": 3.3942979872226715,
  "fr_morpholine": 0.6587043013423681,
  "fr_nitrile": 4.004322975873947,
  "fr_nitro": 5.167280197143555,
  "fr_nitro_arom": 72.30741410702467,
  "fr_nitro_arom_nonortho": 2.112143609672785,
  "fr_nitroso": 5.575711417943239,
  "fr_oxazole": 0.0,
  "fr_oxime": 0.27295220270752907,
  "fr_para_hydroxylation": 37.337972389534116,
  "fr_phenol": 24.42069673538208,
  "fr_phenol_noOrthoHbond": 1.5369800329208374,
  "fr_phos_acid": 74.0991781949997,
  "fr_phos_ester": 0.0,
  "fr_piperdine": 12.391061428934336,
  "fr_piperzine": 1.2500870153307915,
  "fr_priamide": 1.9357920996844769,
  "fr_prisulfonamd": 0.0,
  "fr_pyridine": 386.1202686559409,
  "fr_quatN": 13.221136978361756,
  "fr_sulfide": 0.12739889696240425,
  "fr_sulfonamd": 11.20828027650714,
  "fr_sulfone": 0.0,
  "fr_term_acetylene": 0.0,
  "fr_tetrazole": 0.0,
  "fr_thiazole": 0.0,
  "fr_thiocyan": 0.0,
  "fr_thiophene": 0.0,
  "fr_unbrch_alkane": 173.3165131388232,
  "fr_urea": 0.0
}