{
  "MaxEStateIndex": 807.4693413199857,
  "MinEStateIndex": 669.4703503372148,
  "MaxAbsEStateIndex": 0.0,
  "MinAbsEStateIndex": 406.28345500072464,
  "qed": 381.80469692964107,
  "MolWt": 57.56658160034567,
  "HeavyAtomMolWt": 99.7191944560036,
  "ExactMolWt": 37.90561054460704,
  "NumValenceElectrons": 18.079940715804696,
  "NumRadicalElectrons": 0.0,
  "MaxPartialCharge": 1123.9744697995484,
  "MinPartialCharge": 967.6811644961126,
  "MaxAbsPartialCharge": 1353.703405143693,
  "MinAbsPartialCharge": 540.548877122812,
  "FpDensityMorgan1": 217.4293711129576,
  "FpDensityMorgan2": 156.25779162114486,
  "FpDensityMorgan3": 244.04489913396537,
  "BalabanJ": 1453.7745669670403,
  "BertzCT": 252.49201933387667,
  "Chi0": 46.05408952571452,
  "Chi0n": 60.5357372444123,
  "Chi0v": 98.89159260224551,
  "Chi1": 67.67097934707999,
  "Chi1n": 81.467288561631,
  "Chi1v": 151.12089470773935,
  "Chi2n": 139.93942071311176,
  "Chi2v": 126.29504025913775,
  "Chi3n": 161.29064892884344,
  "Chi3v": 146.1140306768939,
  "Chi4n": 102.13883247692138,
  "Chi4v": 147.29232184169814,
  "HallKierAlpha": 784.0579110141844,
  "Ipc": 200.41216986486688,
  "Kappa1": 167.3384213615209,
  "Kappa2": 243.50565425958484,
  "Kappa3": 312.5625701677054,
  "LabuteASA": 112.42732397047803,
  "PEOE_VSA1": 440.347094880417,
  "PEOE_VSA10": 165.18615747056901,
  "PEOE_VSA11": 147.9494591243565,
  "PEOE_VSA12": 146.49941226560622,
  "PEOE_VSA13": 47.53578558890149,
  "PEOE_VSA14": 124.61820095777512,
  "PEOE_VSA2": 484.81850913353264,
  "PEOE_VSA3": 84.3297711070627,
  "PEOE_VSA4": 213.8601789092645,
  "PEOE_VSA5": 39.36208727955818,
  "PEOE_VSA6": 2295.0079274321906,
  "PEOE_VSA7": 360.5141131901182,
  "PEOE_VSA8": 640.9197770059109,
  "PEOE_VSA9": 362.50087284017354,
  "SMR_VSA1": 197.94786698557436,
  "SMR_VSA10": 494.4397794390097,
  "SMR_VSA2": 29.135108273476362,
  "SMR_VSA3": 171.90193080715835,
  "SMR_VSA4": 210.86672744899988,
  "SMR_VSA5": 588.9478114852682,
  "SMR_VSA6": 341.75398554466665,
  "SMR_VSA7": 329.07975087314844,
  "SMR_VSA8": 0.0,
  "SMR_VSA9": 67.7775778695941,
  "SlogP_VSA1": 455.2706209048629,
  "SlogP_VSA10": 203.06568999774754,
  "SlogP_VSA11": 53.03130942955613,
  "SlogP_VSA12": 80.19009645562619,
  "SlogP_VSA2": 172.092073822394,
  "SlogP_VSA3": 293.5853756722063,
  "SlogP_VSA4": 304.9636596944183,
  "SlogP_VSA5": 407.0922159543261,
  "SlogP_VSA6": 169.8992010159418,
  "SlogP_VSA7": 29.891264736652374,
  "SlogP_VSA8": 272.8638968411833,
  "SlogP_VSA9": 0.0,
  "TPSA": 597.2456955313683,
  "EState_VSA1": 252.2975067831576,
  "EState_VSA10": 174.47518465388566,
  "EState_VSA11": 0.0,
  "EState_VSA2": 195.34049612563103,
  "EState_VSA3": 232.30826064758003,
  "EState_VSA4": 178.59944021329284,
  "EState_VSA5": 543.8504941118881,
  "EState_VSA6": 167.0322471857071,
  "EState_VSA7": 144.04145102761686,
  "EState_VSA8": 491.42351959692314,
  "EState_VSA9": 183.85172629915178,
  "VSA_EState1": 0.0,
  "VSA_EState10": 102.41203395603225,
  "VSA_EState2": 0.0,
  "VSA_EState3": 0.0,
  "VSA_EState4": 0.0,
  "VSA_EState5": 0.0,
  "VSA_EState6": 0.0,
  "VSA_EState7": 0.0,
  "VSA_EState8": 374.46484119910747,
  "VSA_EState9": 387.8379786675796,
  "FractionCSP3": 271.67051962018013,
  "HeavyAtomCount": 3.4294439554214478,
  "NHOHCount": 582.3008678350598,
  "NOCount": 64.53501936234534,
  "NumAliphaticCarbocycles": 99.2579066902399,
  "NumAliphaticHeterocycles": 12.008047580718994,
  "NumAliphaticRings": 4.18558469414711,
  "NumAromaticCarbocycles": 14.807566687464714,
  "NumAromaticHeterocycles": 54.811528757214546,
  "NumAromaticRings": 22.79871580656618,
  "NumHAcceptors": 306.57734552025795,
  "NumHDonors": 55.391628846526146,
  "NumHeteroatoms": 314.1823151288554,
  "NumRotatableBonds": 155.53721302188933,
  "NumSaturatedCarbocycles": 11.519266452640295,
  "NumSaturatedHeterocycles": 26.716154266148806,
  "NumSaturatedRings": 1.788642778992653,
  "RingCount": 51.883532136678696,
  "MolLogP": 165986.09757947642,
  "MolMR": 101.89811986126006,
  "fr_Al_COO": 757.3399531319737,
  "fr_Al_OH": 2.3593789096921682,
  "fr_Al_OH_noTert": 13.877165778074414,
  "fr_ArN": 10.28034752048552,
  "fr_Ar_COO": 40.531487349420786,
  "fr_Ar_N": 1.7038017846643925,
  "fr_Ar_NH": 3.2190992161631584,
  "fr_Ar_OH": 11.655994713306427,
  "fr_COO": 23.704019255936146,
  "fr_COO2": 6.388041794300079,
  "fr_C_O": 46.553602647036314,
  "fr_C_O_noCOO": 12.67305251583457,
  "fr_C_S": 65.9526255056262,
  "fr_HOCCN": 3.561982403509319,
  "fr_Imine": 5.13735681027174,
  "fr_NH0": 69.98290099110454,
  "fr_NH1": 130.27094253525138,
  "fr_NH2": 82.74740488827229,
  "fr_N_O": 5.166246358770877,
  "fr_Ndealkylation1": 2.0906789898872375,
  "fr_Ndealkylation2": 13.024455409497023,
  "fr_Nhpyrrole": 0.0,
  "fr_SH": 2.3646811633370817,
  "fr_aldehyde": 0.8213515933603048,
  "fr_alkyl_carbamate": 0.0,
  "fr_alkyl_halide": 1.9742395710200071,
  "fr_allylic_oxid": 12.86930095590651,
  "fr_amide": 108.70757201686502,
  "fr_amidine": 3.453769851475954,
  "fr_aniline": 106.73927076533437,
  "fr_aryl_methyl": 26.54031302034855,
  "fr_azide": 0.0,
  "fr_azo": 0.0,
  "fr_barbitur": 0.0,
  "fr_benzene": 55.53370067477226,
  "fr_benzodiazepine": 0.0,
  "fr_bicyclic": 120.43732878193259,
  "fr_diazo": 0.0,
  "fr_dihydropyridine": 0.0,
  "fr_epoxide": 0.0,
  "fr_ester": 88.38673865422606,
  "fr_ether": 141.3766475636512,
  "fr_furan": 0.9512824080884457,
  "fr_guanido": 5.614777082577348,
  "fr_halogen": 25.39554538205266,
  "fr_hdrzine": 0.0,
  "fr_hdrzone": 0.0,
  "fr_imidazole": 17.103565980680287,
  "fr_imide": 11.743986073881388,
  "fr_isocyan": 0.0,
  "fr_isothiocyan": 0.0,
  "fr_ketone": 46.96555986255407,
  "fr_ketone_Topliss": 41.06396824819967,
  "fr_lactam": 0.0,
  "fr_lactone": 24.633920572698116,
  "fr_methoxy": 5.4423907194286585,
  "fr_morpholine": 0.030342199839651585,
  "fr_nitrile": 19.628323327749968,
  "fr_nitro": 20.316808775998652,
  "fr_nitro_arom": 91.330826446414,
  "fr_nitro_arom_nonortho": 0.3995514218695462,
  "fr_nitroso": 12.613369338214397,
  "fr_oxazole": 0.0,
  "fr_oxime": 2.6379775628447533,
  "fr_para_hydroxylation": 27.629979157820344,
  "fr_phenol": 21.546658996492624,
  "fr_phenol_noOrthoHbond": 0.0,
  "fr_phos_acid": 102.07045912742615,
  "fr_phos_ester": 0.0,
  "fr_piperdine": 16.271307080984116,
  "fr_piperzine": 1.689869999885559,
  "fr_priamide": 3.332285273820162,
  "fr_prisulfonamd": 0.0,
  "fr_pyridine": 253.7081314008683,
  "fr_quatN": 11.179499240592122,
  "fr_sulfide": 0.0,
  "fr_sulfonamd": 20.38890627771616,
  "fr_sulfone": 0.0,
  "fr_term_acetylene": 0.0,
  "fr_tetrazole": 0.0,
  "fr_thiazole": 0.0,
  "fr_thiocyan": 0.0,
  "fr_thiophene": 0.0,
  "fr_unbrch_alkane": 197.1476253932342,
  "fr_urea": 0.7905860245227814
}