{
  "MaxEStateIndex": 642.2469813358039,
  "MinEStateIndex": 813.8082434083335,
  "MaxAbsEStateIndex": 0.0,
  "MinAbsEStateIndex": 479.9120343979448,
  "qed": 586.0168480779976,
  "MolWt": 33.63760047964752,
  "HeavyAtomMolWt": 120.89983970299363,
  "ExactMolWt": 20.56654702499509,
  "NumValenceElectrons": 32.70270765479654,
  "NumRadicalElectrons": 0.0,
  "MaxPartialCharge": 1165.5485858712345,
  "MinPartialCharge": 960.9654547884129,
  "MaxAbsPartialCharge": 1400.0249527441338,
  "MinAbsPartialCharge": 408.818994846195,
  "FpDensityMorgan1": 297.01962773967534,
  "FpDensityMorgan2": 184.03565892763436,
  "FpDensityMorgan3": 254.09616590011865,
  "BalabanJ": 831.407586293295,
  "BertzCT": 346.4033413026482,
  "Chi0": 117.66122654639184,
  "Chi0n": 170.3748857267201,
  "Chi0v": 138.63459570985287,
  "Chi1": 36.5595389585942,
  "Chi1n": 74.40533536858857,
  "Chi1v": 127.81810167431831,
  "Chi2n": 96.20021058432758,
  "Chi2v": 279.70804376201704,
  "Chi3n": 125.44149083923548,
  "Chi3v": 175.94287593476474,
  "Chi4n": 130.60704354941845,
  "Chi4v": 165.8619065657258,
  "HallKierAlpha": 910.7592923529446,
  "Ipc": 194.24852688517421,
  "Kappa1": 455.4013240672648,
  "Kappa2": 315.6351770129986,
  "Kappa3": 293.3046987573616,
  "LabuteASA": 72.0214771637693,
  "PEOE_VSA1": 472.5700004156679,
  "PEOE_VSA10": 307.7133633745834,
  "PEOE_VSA11": 107.355224955827,
  "PEOE_VSA12": 263.67213512957096,
  "PEOE_VSA13": 98.52070842217654,
  "PEOE_VSA14": 204.23423207364976,
  "PEOE_VSA2": 421.38120709359646,
  "PEOE_VSA3": 58.39607790810987,
  "PEOE_VSA4": 306.00866175070405,
  "PEOE_VSA5": 82.37853454053402,
  "PEOE_VSA6": 1949.797594493255,
  "PEOE_VSA7": 321.4531920789741,
  "PEOE_VSA8": 811.9877507165074,
  "PEOE_VSA9": 356.50054573081434,
  "SMR_VSA1": 173.87075778655708,
  "SMR_VSA10": 491.3886320386082,
  "SMR_VSA2": 76.16096191108227,
  "SMR_VSA3": 172.09578492073342,
  "SMR_VSA4": 168.5439465790987,
  "SMR_VSA5": 558.8173072482459,
  "SMR_VSA6": 285.08856910001487,
  "SMR_VSA7": 204.20639459323138,
  "SMR_VSA8": 0.0,
  "SMR_VSA9": 118.23646777309477,
  "SlogP_VSA1": 590.330395873636,
  "SlogP_VSA10": 121.11032666824758,
  "SlogP_VSA11": 15.944134306162596,
  "SlogP_VSA12": 98.64878619927913,
  "SlogP_VSA2": 208.18188859149814,
  "SlogP_VSA3": 354.33990428131074,
  "SlogP_VSA4": 264.9239046629518,
  "SlogP_VSA5": 488.81867179460824,
  "SlogP_VSA6": 184.70027296291664,
  "SlogP_VSA7": 95.89821060560644,
  "SlogP_VSA8": 107.71701699960977,
  "SlogP_VSA9": 0.0,
  "TPSA": 590.0595546374097,
  "EState_VSA1": 155.81137847993523,
  "EState_VSA10": 157.49336417019367,
  "EState_VSA11": 0.0,
  "EState_VSA2": 154.05006489809602,
  "EState_VSA3": 335.9238077113405,
  "EState_VSA4": 153.59302096255124,
  "EState_VSA5": 274.3132291464135,
  "EState_VSA6": 161.44773832848296,
  "EState_VSA7": 127.03314673155546,
  "EState_VSA8": 644.9228792404756,
  "EState_VSA9": 163.8689672779292,
  "VSA_EState1": 0.0,
  "VSA_EState10": 162.44667376577854,
  "VSA_EState2": 0.0,
  "VSA_EState3": 0.0,
  "VSA_EState4": 0.0,
  "VSA_EState5": 0.0,
  "VSA_EState6": 0.0,
  "VSA_EState7": 0.0,
  "VSA_EState8": 387.61175744701177,
  "VSA_EState9": 374.53423896525055,
  "FractionCSP3": 363.5332555193454,
  "HeavyAtomCount": 1.7342650070786476,
  "NHOHCount": 664.8518484849483,
  "NOCount": 55.33354281447828,
  "NumAliphaticCarbocycles": 72.39831534028053,
  "NumAliphaticHeterocycles": 47.22789203375578,
  "NumAliphaticRings": 9.376923069357872,
  "NumAromaticCarbocycles": 18.398775205016136,
  "NumAromaticHeterocycles": 55.11492367833853,
  "NumAromaticRings": 67.61927265580744,
  "NumHAcceptors": 53.72506633773446,
  "NumHDonors": 75.75293660908937,
  "NumHeteroatoms": 453.85402005165815,
  "NumRotatableBonds": 178.35530687309802,
  "NumSaturatedCarbocycles": 1.3758919835090637,
  "NumSaturatedHeterocycles": 52.86742475628853,
  "NumSaturatedRings": 5.51327389664948,
  "RingCount": 37.61822162568569,
  "MolLogP": 164136.33496613242,
  "MolMR": 62.46219234308228,
  "fr_Al_COO": 655.1778409481049,
  "fr_Al_OH": 11.41936481371522,
  "fr_Al_OH_noTert": 16.121273793280125,
  "fr_ArN": 6.361725328490138,
  "fr_Ar_COO": 26.727156326174736,
  "fr_Ar_N": 4.960559334605932,
  "fr_Ar_NH": 2.71582402382046,
  "fr_Ar_OH": 0.5214428901672363,
  "fr_COO": 11.691454973071814,
  "fr_COO2": 1.0395249873399734,
  "fr_C_O": 32.23731845244765,
  "fr_C_O_noCOO": 23.046366536989808,
  "fr_C_S": 25.352121219038963,
  "fr_HOCCN": 6.793312668800354,
  "fr_Imine": 0.25905460119247437,
  "fr_NH0": 68.61563053354621,
  "fr_NH1": 27.409764301031828,
  "fr_NH2": 36.49261536076665,
  "fr_N_O": 6.071650094352663,
  "fr_Ndealkylation1": 3.7270812578499317,
  "fr_Ndealkylation2": 10.841612942516804,
  "fr_Nhpyrrole": 0.0,
  "fr_SH": 0.0,
  "fr_aldehyde": 0.1490345038473606,
  "fr_alkyl_carbamate": 0.0,
  "fr_alkyl_halide": 0.4548267126083374,
  "fr_allylic_oxid": 18.60733150690794,
  "fr_amide": 159.68005419149995,
  "fr_amidine": 2.3600700348615646,
  "fr_aniline": 35.793888341635466,
  "fr_aryl_methyl": 42.410553054884076,
  "fr_azide": 0.0,
  "fr_azo": 0.0,
  "fr_barbitur": 0.0,
  "fr_benzene": 24.42014515399933,
  "fr_benzodiazepine": 0.0,
  "fr_bicyclic": 75.9601236730814,
  "fr_diazo": 0.0,
  "fr_dihydropyridine": 0.0,
  "fr_epoxide": 0.0,
  "fr_ester": 121.80570903420448,
  "fr_ether": 42.23671071045101,
  "fr_furan": 0.0,
  "fr_guanido": 15.875679969787598,
  "fr_halogen": 17.70735514163971,
  "fr_hdrzine": 0.1106014996767044,
  "fr_hdrzone": 16.27563589811325,
  "fr_imidazole": 37.85827459022403,
  "fr_imide": 7.319412795826793,
  "fr_isocyan": 0.0,
  "fr_isothiocyan": 59.60769242607057,
  "fr_ketone": 25.561257004737854,
  "fr_ketone_Topliss": 21.709931009449065,
  "fr_lactam": 0.08004411961883307,
  "fr_lactone": 32.94411510229111,
  "fr_methoxy": 0.6043716967105865,
  "fr_morpholine": 0.6838350966572762,
  "fr_nitrile": 1.6909952778369188,
  "fr_nitro": 10.538477189838886,
  "fr_nitro_arom": 77.3637590110302,
  "fr_nitro_arom_nonortho": 0.50627201795578,
  "fr_nitroso": 5.949941739439964,
  "fr_oxazole": 0.0,
  "fr_oxime": 1.4767507845535874,
  "fr_para_hydroxylation": 45.819323470816016,
  "fr_phenol": 95.78679792955518,
  "fr_phenol_noOrthoHbond": 0.6473235990852118,
  "fr_phos_acid": 110.78287755325437,
  "fr_phos_ester": 0.0,
  "fr_piperdine": 27.634217783808708,
  "fr_piperzine": 0.0,
  "fr_priamide": 1.0199239999055862,
  "fr_prisulfonamd": 0.0,
  "fr_pyridine": 258.2335694357753,
  "fr_quatN": 6.023675007745624,
  "fr_sulfide": 0.0,
  "fr_sulfonamd": 42.97129838168621,
  "fr_sulfone": 0.0,
  "fr_term_acetylene": 0.0,
  "fr_tetrazole": 0.0,
  "fr_thiazole": 10.026711009442806,
  "fr_thiocyan": 0.0,
  "fr_thiophene": 0.12446469813585281,
  "fr_unbrch_alkane": 208.0989288687706,
  "fr_urea": 1.8381028473377228
}