{
  "MaxEStateIndex": 811.3066937234253,
  "MinEStateIndex": 781.7562277140096,
  "MaxAbsEStateIndex": 0.0,
  "MinAbsEStateIndex": 438.1153350430541,
  "qed": 478.56484268512577,
  "MolWt": 66.67751891538501,
  "HeavyAtomMolWt": 95.12467713654041,
  "ExactMolWt": 16.55982669815421,
  "NumValenceElectrons": 38.9625691967085,
  "NumRadicalElectrons": 0.0,
  "MaxPartialCharge": 1307.1831402815878,
  "MinPartialCharge": 1122.0576692037284,
  "MaxAbsPartialCharge": 1221.4412618437782,
  "MinAbsPartialCharge": 553.9018272794783,
  "FpDensityMorgan1": 248.9873828338459,
  "FpDensityMorgan2": 230.1566613363102,
  "FpDensityMorgan3": 263.6659840680659,
  "BalabanJ": 1059.0722614899278,
  "BertzCT": 352.479321019724,
  "Chi0": 27.5359718054533,
  "Chi0n": 81.26921989768744,
  "Chi0v": 64.36144298873842,
  "Chi1": 55.742231155745685,
  "Chi1n": 137.1393681615591,
  "Chi1v": 195.48600740544498,
  "Chi2n": 119.16928817890584,
  "Chi2v": 268.15723920287564,
  "Chi3n": 206.62625134922564,
  "Chi3v": 129.12022240273654,
  "Chi4n": 93.1180641790852,
  "Chi4v": 74.88996286597103,
  "HallKierAlpha": 699.3283825176768,
  "Ipc": 93.67133024893701,
  "Kappa1": 292.2713557332754,
  "Kappa2": 624.4026390286162,
  "Kappa3": 296.72368398401886,
  "LabuteASA": 88.68720885366201,
  "PEOE_VSA1": 558.42694491148,
  "PEOE_VSA10": 290.70059670042247,
  "PEOE_VSA11": 166.77124732080847,
  "PEOE_VSA12": 178.61999823059887,
  "PEOE_VSA13": 97.02066505514085,
  "PEOE_VSA14": 198.42785754054785,
  "PEOE_VSA2": 513.0144567005336,
  "PEOE_VSA3": 201.07264242321253,
  "PEOE_VSA4": 277.7750752819702,
  "PEOE_VSA5": 57.21155517920852,
  "PEOE_VSA6": 1990.8654685150832,
  "PEOE_VSA7": 351.7289387304336,
  "PEOE_VSA8": 721.1250943280756,
  "PEOE_VSA9": 418.92943294811994,
  "SMR_VSA1": 419.32454263046384,
  "SMR_VSA10": 430.27833895757794,
  "SMR_VSA2": 45.61938817799091,
  "SMR_VSA3": 136.1418444402516,
  "SMR_VSA4": 165.16626919060946,
  "SMR_VSA5": 418.83667120337486,
  "SMR_VSA6": 347.099737864919,
  "SMR_VSA7": 464.5150280473754,
  "SMR_VSA8": 0.0,
  "SMR_VSA9": 117.49511380679905,
  "SlogP_VSA1": 526.2924474971369,
  "SlogP_VSA10": 170.66407855972648,
  "SlogP_VSA11": 87.86230274289846,
  "SlogP_VSA12": 103.7518049729988,
  "SlogP_VSA2": 207.2354135895148,
  "SlogP_VSA3": 470.89198774425313,
  "SlogP_VSA4": 192.44029618240893,
  "SlogP_VSA5": 858.6794896582142,
  "SlogP_VSA6": 192.7784838695079,
  "SlogP_VSA7": 76.05729122273624,
  "SlogP_VSA8": 181.5693529509008,
  "SlogP_VSA9": 0.0,
  "TPSA": 582.2218630267307,
  "EState_VSA1": 122.16406277101487,
  "EState_VSA10": 116.7144331485033,
  "EState_VSA11": 0.0,
  "EState_VSA2": 154.84148915531114,
  "EState_VSA3": 178.06312034837902,
  "EState_VSA4": 118.6494316002354,
  "EState_VSA5": 318.49676646105945,
  "EState_VSA6": 262.0271315006539,
  "EState_VSA7": 166.11426035594195,
  "EState_VSA8": 675.4854303007014,
  "EState_VSA9": 181.88807243295014,
  "VSA_EState1": 0.0,
  "VSA_EState10": 119.14399971906096,
  "VSA_EState2": 0.0,
  "VSA_EState3": 0.0,
  "VSA_EState4": 0.0,
  "VSA_EState5": 0.0,
  "VSA_EState6": 0.0,
  "VSA_EState7": 0.0,
  "VSA_EState8": 329.35751313343644,
  "VSA_EState9": 304.56330015696585,
  "FractionCSP3": 278.01797603070736,
  "HeavyAtomCount": 0.9222132936120033,
  "NHOHCount": 710.156997077167,
  "NOCount": 19.447187084704638,
  "NumAliphaticCarbocycles": 78.0579668879509,
  "NumAliphaticHeterocycles": 15.0621317923069,
  "NumAliphaticRings": 32.047685731202364,
  "NumAromaticCarbocycles": 19.27583374083042,
  "NumAromaticHeterocycles": 47.80545485019684,
  "NumAromaticRings": 25.819719056598842,
  "NumHAcceptors": 160.6541780102998,
  "NumHDonors": 76.50234096124768,
  "NumHeteroatoms": 291.3755870666355,
  "NumRotatableBonds": 141.12173253390938,
  "NumSaturatedCarbocycles": 0.8798229992389679,
  "NumSaturatedHeterocycles": 23.969469090923667,
  "NumSaturatedRings": 10.990661948919296,
  "RingCount": 36.572756830602884,
  "MolLogP": 164062.4901035549,
  "MolMR": 60.37845188006759,
  "fr_Al_COO": 1173.6570480018854,
  "fr_Al_OH": 1.1000617016106844,
  "fr_Al_OH_noTert": 1.0542820170521736,
  "fr_ArN": 4.516735810786486,
  "fr_Ar_COO": 27.2729944139719,
  "fr_Ar_N": 12.097915075719357,
  "fr_Ar_NH": 0.09582909941673279,
  "fr_Ar_OH": 9.047499597072601,
  "fr_COO": 59.15303271263838,
  "fr_COO2": 0.0,
  "fr_C_O": 16.753222536295652,
  "fr_C_O_noCOO": 81.19557624682784,
  "fr_C_S": 85.44518771395087,
  "fr_HOCCN": 0.0,
  "fr_Imine": 3.4894940555095673,
  "fr_NH0": 95.5169931948185,
  "fr_NH1": 68.30258970335126,
  "fr_NH2": 118.25559127703309,
  "fr_N_O": 13.714566983282566,
  "fr_Ndealkylation1": 5.852175027132034,
  "fr_Ndealkylation2": 4.321793539449573,
  "fr_Nhpyrrole": 0.0,
  "fr_SH": 0.0,
  "fr_aldehyde": 0.34475500881671906,
  "fr_alkyl_carbamate": 0.0,
  "fr_alkyl_halide": 3.657466046512127,
  "fr_allylic_oxid": 53.2739943806082,
  "fr_amide": 119.10101494565606,
  "fr_amidine": 4.071261074393988,
  "fr_aniline": 67.96135534346104,
  "fr_aryl_methyl": 34.27818008698523,
  "fr_azide": 0.0,
  "fr_azo": 0.0,
  "fr_barbitur": 0.0,
  "fr_benzene": 31.089847564697266,
  "fr_benzodiazepine": 0.0,
  "fr_bicyclic": 65.26002751663327,
  "fr_diazo": 0.0,
  "fr_dihydropyridine": 0.0,
  "fr_epoxide": 0.0,
  "fr_ester": 87.02582923322916,
  "fr_ether": 131.88457790017128,
  "fr_furan": 2.1094589978456497,
  "fr_guanido": 0.2773277014493942,
  "fr_halogen": 19.346805065870285,
  "fr_hdrzine": 0.03579150140285492,
  "fr_hdrzone": 9.393588155508041,
  "fr_imidazole": 24.478250773623586,
  "fr_imide": 27.24664932489395,
  "fr_isocyan": 0.0,
  "fr_isothiocyan": 0.0,
  "fr_ketone": 47.61893820762634,
  "fr_ketone_Topliss": 39.98001526296139,
  "fr_lactam": 0.8131419718265533,
  "fr_lactone": 16.804743070155382,
  "fr_methoxy": 3.5955269634723663,
  "fr_morpholine": 3.9235490262508392,
  "fr_nitrile": 11.348707050085068,
  "fr_nitro": 1.0959030240774155,
  "fr_nitro_arom": 32.835787512362,
  "fr_nitro_arom_nonortho": 0.11112559866160154,
  "fr_nitroso": 5.992593497037888,
  "fr_oxazole": 0.0,
  "fr_oxime": 2.135954976081848,
  "fr_para_hydroxylation": 19.458596039563417,
  "fr_phenol": 65.11162422969937,
  "fr_phenol_noOrthoHbond": 0.687131293118,
  "fr_phos_acid": 66.18899434804916,
  "fr_phos_ester": 0.0,
  "fr_piperdine": 13.236057959496975,
  "fr_piperzine": 0.0,
  "fr_priamide": 3.3168156165629625,
  "fr_prisulfonamd": 0.0,
  "fr_pyridine": 361.09441816061735,
  "fr_quatN": 235.4014248661697,
  "fr_sulfide": 0.6420476920902729,
  "fr_sulfonamd": 7.173734962940216,
  "fr_sulfone": 0.8876720070838928,
  "fr_term_acetylene": 0.0,
  "fr_tetrazole": 0.0,
  "fr_thiazole": 17.581221848726273,
  "fr_thiocyan": 0.0,
  "fr_thiophene": 0.0,
  "fr_unbrch_alkane": 165.2889549350366,
  "fr_urea": 0.5306739807128906
}